QueryNumber;DocNumber;DocVotes
1;139;1222
1;151;2211
1;166;1
1;311;1
1;370;1010
1;392;1
1;439;1
1;440;11
1;441;2122
1;454;100
1;461;1121
1;502;2
1;503;1000
1;505;1
1;520;1010
1;522;1
1;526;1011
1;527;1001
1;533;2222
1;593;1000
1;619;1
1;737;100
1;742;100
1;789;1
1;827;10
1;835;1
1;861;1
1;875;1121
1;891;1
1;921;1010
1;922;1010
1;1175;100
1;1185;1
1;1222;1
2;169;1000
2;434;1001
2;454;100
2;498;1000
2;499;1000
2;592;2
2;875;1011
3;23;1000
3;40;10
3;139;2122
3;190;1
3;221;1
3;246;1
3;309;1000
3;311;11
3;325;1
3;345;10
3;347;10
3;356;10
3;370;1001
3;374;1
3;375;2221
3;439;1
3;440;1120
3;454;1220
3;515;1000
3;520;10
3;524;10
3;526;1010
3;527;1220
3;533;1
3;535;10
3;560;10
3;561;1
3;571;10
3;584;10
3;604;2
3;623;10
3;633;2222
3;733;1000
3;742;1010
3;854;100
3;856;2112
3;950;10
3;967;1
3;1144;1111
3;1161;1
3;1172;1000
3;1175;1
3;1196;2
4;503;1
4;538;100
4;539;100
4;540;100
4;553;1
4;604;2222
4;669;1010
4;711;2122
4;876;2222
5;23;2220
5;47;2221
5;50;1
5;60;1
5;114;11
5;132;1
5;135;1
5;139;10
5;151;2222
5;169;1
5;189;1
5;190;1
5;197;1
5;200;1
5;226;1
5;256;2211
5;265;10
5;297;1
5;298;1
5;299;1
5;311;1
5;312;1
5;325;1011
5;333;1
5;343;2
5;347;12
5;349;1
5;369;1
5;370;1211
5;371;1
5;374;2222
5;386;1001
5;392;1
5;410;1
5;420;1
5;427;1
5;428;1
5;430;1001
5;434;1
5;437;1
5;439;2222
5;440;10
5;441;1
5;450;1
5;461;2120
5;465;1002
5;478;1
5;496;2120
5;497;2121
5;498;1122
5;499;2122
5;500;1012
5;501;100
5;502;100
5;503;2221
5;505;1
5;511;1101
5;513;10
5;516;1010
5;520;1000
5;524;1010
5;531;1
5;533;2211
5;549;1
5;553;1001
5;559;1
5;561;10
5;568;1
5;590;1
5;592;1001
5;593;2222
5;604;2
5;605;100
5;633;2122
5;669;10
5;701;1
5;702;1000
5;710;2212
5;711;2
5;722;1
5;724;2
5;729;1
5;731;2
5;733;2
5;750;100
5;761;1
5;763;1
5;772;100
5;779;1
5;788;1
5;805;2211
5;843;2
5;845;1
5;856;2121
5;857;1000
5;861;1212
5;864;1
5;867;101
5;875;2222
5;876;2
5;888;2
5;889;2
5;895;2210
5;925;1
5;935;1
5;943;1
5;944;1
5;975;2112
5;980;2120
5;982;2
5;990;2
5;1000;2
5;1019;1
5;1038;1
5;1040;1
5;1064;2220
5;1076;1
5;1080;1
5;1088;1
5;1091;1
5;1092;2
5;1093;2
5;1098;1
5;1144;2111
5;1156;1
5;1175;1120
5;1185;1
5;1188;1
5;1196;1000
5;1223;1
5;1226;1
6;25;10
6;31;2222
6;90;1000
6;195;100
6;326;1
6;370;110
6;438;1
6;440;10
6;441;1000
6;503;1220
6;511;10
6;586;1
6;592;1010
6;593;1000
6;722;1
6;731;1
6;734;2
6;805;1000
6;875;1120
6;922;10
6;963;1000
6;975;1010
6;1092;1
6;1093;2
7;45;100
7;53;1
7;166;2
7;171;1
7;256;101
7;370;1
7;371;2122
7;386;1
7;410;100
7;439;101
7;535;1
7;623;2121
7;633;100
7;634;100
7;640;10
7;669;10
7;831;100
7;853;100
7;856;2111
7;857;100
7;921;10
7;1027;100
7;1054;1100
7;1056;100
7;1057;100
7;1059;100
7;1064;1120
7;1161;1
8;23;2112
8;169;1000
8;322;100
8;370;1000
8;386;1000
8;435;1
8;439;1100
8;463;1
8;496;1000
8;497;1
8;498;1000
8;499;1122
8;503;1
8;605;1
8;683;2220
8;710;1000
8;750;10
8;771;1000
8;867;1000
8;875;1
8;944;1
8;1125;2220
9;165;1122
9;174;1
9;362;1
9;370;1
9;414;2222
9;443;100
9;794;2110
9;992;1010
9;1040;1
9;1115;102
10;30;2112
10;126;1001
10;157;2222
10;170;1112
10;296;1212
10;301;1
10;322;1
10;370;1100
10;413;2222
10;443;1120
10;581;2222
10;676;2122
10;715;10
10;722;1
10;728;1101
10;758;1000
10;782;1010
10;835;10
10;878;2122
10;941;1000
10;1115;1222
10;1215;10
10;1218;2122
10;1234;1
10;1239;1101
11;36;1
11;46;1
11;96;2210
11;186;1000
11;301;1000
11;428;1002
11;518;2110
11;649;10
11;652;1
11;659;10
11;772;1010
11;796;2222
11;798;2212
11;799;10
11;835;1000
11;837;1
11;908;1000
11;909;2222
11;991;2222
11;1119;100
11;1178;1000
11;1226;2
12;70;2212
12;181;1
12;443;2120
12;466;2220
12;755;10
12;918;1000
12;1115;1
13;156;2112
13;301;1112
13;314;2222
13;322;1220
13;370;100
13;443;1120
13;462;1010
13;522;100
13;643;1000
13;695;1220
13;715;10
13;719;10
13;722;1
13;763;101
13;764;1
13;791;2211
13;822;1
13;900;100
13;902;1101
13;978;1000
13;1017;10
13;1033;1
13;1097;1
13;1124;2
14;5;1100
14;89;100
14;92;1
14;131;2212
14;135;1
14;150;2222
14;156;1000
14;203;10
14;232;10
14;233;1122
14;234;1121
14;291;1
14;297;1
14;314;1000
14;319;10
14;344;2112
14;345;2210
14;356;1
14;367;2210
14;370;1110
14;379;1
14;405;2112
14;413;1
14;417;1211
14;419;2
14;421;1
14;424;1
14;462;2212
14;465;1102
14;492;1000
14;584;1001
14;602;1011
14;616;2120
14;635;2122
14;662;100
14;695;10
14;719;11
14;777;1012
14;791;2122
14;809;10
14;815;2222
14;852;2222
14;889;1
14;899;2222
14;930;2
14;941;1011
14;1000;1
14;1008;2220
14;1013;11
14;1100;2222
14;1117;2220
14;1124;2122
14;1135;1002
14;1206;1000
14;1234;1001
15;17;1
15;59;2122
15;63;1000
15;72;1
15;91;1
15;95;1
15;97;1
15;98;1
15;99;2112
15;135;1
15;149;1011
15;174;2220
15;197;1001
15;204;2222
15;205;2212
15;226;2
15;232;100
15;238;1
15;266;2222
15;297;1
15;301;2122
15;322;2122
15;339;2212
15;350;1
15;354;1
15;355;2112
15;364;1112
15;370;2111
15;385;2222
15;398;11
15;408;100
15;410;1102
15;413;100
15;414;100
15;420;1
15;422;2222
15;423;2221
15;424;10
15;426;1
15;434;1
15;443;2222
15;474;1120
15;545;1212
15;549;2112
15;550;1
15;601;2122
15;603;11
15;611;1
15;642;1010
15;643;1
15;657;1
15;673;1
15;690;2121
15;700;2212
15;720;2222
15;722;1122
15;724;1
15;725;1010
15;729;1
15;731;1
15;735;1
15;747;1010
15;752;2212
15;763;1102
15;764;1001
15;767;1
15;792;10
15;794;1000
15;816;1
15;822;2
15;833;1
15;837;1
15;844;2
15;853;1000
15;854;1101
15;857;1000
15;863;1001
15;870;2222
15;875;1
15;888;1
15;889;1
15;900;1001
15;944;1002
15;990;2
15;993;1000
15;994;1221
15;1000;1002
15;1013;1001
15;1016;1001
15;1027;10
15;1033;1
15;1040;2
15;1093;1
15;1098;2
15;1115;2
15;1162;12
15;1184;2222
15;1187;1
15;1192;2222
15;1195;1
15;1226;2
15;1232;1
15;1234;1
15;1235;2220
16;5;1
16;10;1
16;17;1
16;36;10
16;41;110
16;46;1111
16;69;2
16;72;1
16;89;2222
16;92;10
16;95;2222
16;97;1000
16;98;1000
16;126;1
16;129;2120
16;130;1
16;132;1
16;134;1000
16;135;12
16;148;1
16;150;1000
16;168;1
16;181;1011
16;182;2222
16;186;2122
16;189;1
16;197;1000
16;202;1000
16;205;1
16;212;1
16;225;1
16;226;2
16;238;11
16;240;2210
16;255;1
16;288;1
16;290;1
16;292;1
16;297;1
16;298;1001
16;301;2222
16;314;2120
16;320;1
16;322;1122
16;330;1
16;331;1
16;333;1001
16;350;11
16;357;1
16;359;12
16;364;2112
16;370;2112
16;376;2220
16;386;1
16;396;2222
16;398;1010
16;413;1
16;421;1000
16;424;1012
16;428;1002
16;434;10
16;443;2222
16;462;10
16;466;1222
16;468;2121
16;472;10
16;473;1
16;475;2122
16;478;11
16;489;1
16;490;1
16;510;1
16;512;10
16;518;1011
16;522;2110
16;550;12
16;553;1
16;559;1
16;581;1
16;582;1010
16;586;1
16;594;2220
16;615;1
16;616;1
16;641;1012
16;642;1102
16;643;11
16;649;2122
16;656;1
16;657;1001
16;658;1001
16;659;2122
16;660;1001
16;662;1001
16;673;1
16;676;2
16;708;1000
16;709;1000
16;711;1
16;715;1
16;719;1001
16;722;1122
16;723;1
16;724;1
16;725;1
16;727;1222
16;729;1
16;730;1
16;731;2
16;735;1
16;755;1011
16;756;1111
16;758;1
16;762;10
16;763;1102
16;764;2
16;767;1
16;770;1100
16;772;2122
16;783;1000
16;791;1001
16;797;1
16;799;2222
16;809;1000
16;810;1
16;816;11
16;822;2
16;834;2222
16;835;1
16;837;1
16;844;2
16;867;10
16;870;1
16;872;2210
16;875;1
16;882;2
16;888;2
16;889;2
16;893;1
16;896;1000
16;901;2210
16;902;1010
16;919;1
16;928;1000
16;932;1
16;935;1111
16;937;1001
16;938;1
16;941;1
16;943;11
16;944;1001
16;970;10
16;974;10
16;984;1010
16;990;1
16;991;1000
16;993;1122
16;994;10
16;1000;1002
16;1002;1010
16;1016;1011
16;1017;2211
16;1023;2
16;1033;1
16;1037;1
16;1051;1000
16;1066;1
16;1076;1
16;1080;2
16;1098;2
16;1101;2
16;1115;2
16;1135;1
16;1154;1012
16;1158;1
16;1189;1
16;1192;1111
16;1226;1220
16;1232;1
16;1234;1001
17;49;2122
17;89;2120
17;101;10
17;128;1
17;132;1
17;135;1
17;153;2
17;189;1
17;233;10
17;238;1
17;297;1
17;298;1
17;301;2
17;330;1
17;333;1
17;357;1111
17;359;1102
17;370;111
17;428;1002
17;443;1100
17;450;10
17;506;10
17;643;11
17;660;10
17;662;2120
17;688;2221
17;722;1
17;729;1
17;730;11
17;731;2
17;735;2
17;791;1122
17;810;2112
17;816;12
17;837;1
17;839;1
17;845;1
17;882;2
17;889;2
17;897;1000
17;937;1
17;938;1
17;941;1001
17;944;1001
17;1000;1
17;1023;1
17;1040;1
17;1069;1
17;1080;1
17;1088;2
17;1101;2221
17;1103;1120
17;1115;1
17;1187;1
17;1234;1
18;129;2122
18;153;1
18;205;2120
18;226;2
18;364;100
18;370;1010
18;414;2
18;424;1110
18;443;10
18;642;1000
18;656;1001
18;657;1010
18;658;1010
18;660;1010
18;725;1110
18;816;1000
18;935;1010
18;993;1110
18;994;1000
18;1016;2110
18;1162;1100
19;21;2220
19;49;1
19;359;1011
19;370;1100
19;398;1
19;432;2121
19;455;10
19;487;2222
19;506;2222
19;618;2222
19;626;2222
19;672;2212
19;688;2222
19;693;2222
19;897;2222
19;936;10
19;944;1
19;1000;1
19;1049;2221
19;1103;2222
19;1129;1
19;1205;1
20;126;2112
20;133;2
20;153;2
20;181;10
20;207;2122
20;208;2122
20;220;2221
20;278;2111
20;283;1100
20;286;2111
20;287;2111
20;288;1100
20;290;2111
20;292;2111
20;370;110
20;443;10
20;538;2122
20;539;2111
20;540;2222
20;544;2111
20;604;100
20;643;1
20;711;1210
20;715;1011
20;731;1
20;758;2222
20;767;100
20;791;1
20;823;2222
20;824;1001
20;882;2
20;919;1000
20;924;2222
20;928;1000
20;944;1
20;962;2222
20;970;1001
20;1066;2222
20;1080;10
20;1115;2222
20;1168;2222
20;1189;1
20;1213;2222
20;1215;2222
20;1234;1001
20;1239;1120
21;68;2112
21;97;2
21;98;12
21;181;1
21;251;2112
21;413;1
21;416;1
21;434;1
21;443;2
21;551;100
21;615;1
21;676;1
21;708;2122
21;709;2222
21;719;1100
21;722;1
21;751;1
21;756;10
21;757;100
21;932;1
21;941;1101
21;1098;2
21;1115;1122
21;1158;2221
21;1189;1
22;13;2222
22;39;12
22;67;1
22;69;1
22;104;1
22;130;2222
22;189;1
22;197;1
22;221;1
22;226;1
22;237;101
22;247;10
22;258;2221
22;262;2112
22;276;2222
22;322;1
22;325;1
22;333;1
22;342;110
22;343;101
22;350;100
22;365;1
22;370;1012
22;392;1
22;431;1121
22;464;1
22;465;1
22;473;1121
22;478;1121
22;503;1101
22;510;101
22;512;110
22;514;1001
22;586;1
22;590;11
22;654;101
22;671;1101
22;682;1
22;692;2222
22;704;2111
22;713;1
22;729;1
22;731;2
22;735;1
22;764;1212
22;774;101
22;788;1011
22;843;102
22;845;2
22;871;1001
22;880;1012
22;881;102
22;882;2
22;888;2
22;898;2212
22;908;1111
22;942;1
22;946;1
22;968;100
22;1000;2
22;1033;1
22;1040;1
22;1083;1122
22;1093;1
22;1114;1002
22;1144;100
22;1156;1111
22;1166;110
22;1194;1121
22;1195;1
23;9;2221
23;10;2122
23;11;1100
23;12;2212
23;34;2222
23;42;2222
23;99;1112
23;162;1000
23;163;1
23;167;1000
23;198;1000
23;248;1000
23;285;10
23;322;101
23;350;1001
23;370;1002
23;426;2122
23;434;1212
23;464;1000
23;509;2222
23;541;2222
23;582;2
23;583;1000
23;598;2
23;716;1002
23;780;1000
23;859;2120
23;883;1
23;888;1002
23;979;2222
23;984;2
23;1096;11
23;1114;2222
23;1156;10
23;1163;1000
24;32;1100
24;72;1
24;199;1
24;207;1
24;210;2220
24;240;1
24;254;2111
24;331;1
24;370;1000
24;377;1
24;411;1
24;477;1
24;492;1
24;522;1
24;552;2
24;559;10
24;611;1001
24;647;2222
24;677;1
24;724;2
24;763;1
24;858;1
24;913;2222
24;915;2211
24;926;2121
24;934;1
24;1000;1
24;1031;1011
24;1109;2222
24;1195;1121
24;1232;1
25;72;2112
25;74;2110
25;83;111
25;84;11
25;106;1012
25;112;1
25;120;102
25;141;1
25;162;1001
25;172;1
25;198;1012
25;221;1
25;276;1
25;370;1010
25;390;10
25;392;1
25;411;2111
25;415;1000
25;425;1
25;431;2222
25;432;2
25;464;10
25;465;1102
25;503;1121
25;505;1
25;530;1
25;550;1
25;559;1
25;566;1000
25;568;1000
25;569;1011
25;622;1
25;647;2122
25;855;1
25;858;2111
25;875;1
25;880;2
25;881;1002
25;891;1
25;913;2222
25;915;1
25;926;2121
25;949;1
25;977;1000
25;1027;1
25;1031;1000
25;1083;1
25;1156;110
25;1194;1121
25;1195;1112
25;1210;1
26;74;110
26;104;2212
26;199;2222
26;221;1
26;281;2222
26;285;2112
26;328;2111
26;333;1
26;342;2110
26;343;1100
26;370;10
26;392;1
26;431;2222
26;434;1
26;442;2
26;465;1
26;485;10
26;488;10
26;490;1
26;610;2122
26;617;2222
26;665;1112
26;713;10
26;774;101
26;807;1122
26;855;10
26;881;102
26;942;1101
26;1061;2222
26;1144;2222
26;1166;2211
26;1194;1121
26;1195;1
27;98;1102
27;179;1
27;599;2222
27;756;2
27;858;1
27;905;2122
27;912;1
27;913;1001
27;1000;100
27;1083;100
27;1096;2
28;134;1
28;135;102
28;136;1
28;215;1112
28;274;1000
28;300;2
28;322;2
28;331;1
28;333;1
28;343;1
28;351;2112
28;352;2112
28;370;1112
28;392;1
28;398;1
28;465;1
28;467;1
28;477;2121
28;510;1
28;550;1
28;559;1
28;586;1
28;611;1
28;665;1
28;722;1012
28;724;102
28;729;1
28;735;1
28;759;2111
28;763;102
28;822;1212
28;832;1
28;837;1
28;875;1
28;882;2
28;913;1
28;937;1
28;942;101
28;944;1
28;969;1
28;990;2
28;1000;1102
28;1033;102
28;1040;102
28;1083;1112
28;1093;102
28;1187;1
28;1192;102
28;1222;1
28;1226;1
28;1234;102
29;15;1012
29;100;1
29;215;2122
29;274;2222
29;300;2212
29;322;2222
29;333;101
29;343;1
29;350;110
29;351;2122
29;352;2122
29;353;2220
29;370;1112
29;385;1
29;392;1
29;434;1
29;442;1
29;477;1120
29;510;1
29;553;1
29;687;10
29;714;1002
29;722;1012
29;724;102
29;729;1
29;759;2212
29;763;1102
29;764;1000
29;788;1000
29;822;102
29;832;1222
29;837;1
29;875;1
29;937;1
29;942;101
29;944;1102
29;1000;1
29;1033;100
29;1040;101
29;1083;2
29;1093;100
29;1184;100
29;1192;1122
29;1234;102
30;117;2
30;328;101
30;332;1
30;433;2122
30;492;1
30;557;2
30;586;2112
30;687;10
30;775;1
30;880;2112
30;881;1
30;911;2212
30;942;1010
30;1001;11
30;1084;100
30;1224;1212
30;1234;1
31;43;2222
31;69;1
31;127;1112
31;128;1000
31;136;1101
31;145;2
31;168;101
31;189;1112
31;213;1
31;226;1122
31;239;2222
31;272;100
31;330;1111
31;331;1001
31;332;2222
31;359;100
31;370;1111
31;389;1000
31;433;2222
31;448;2122
31;467;2222
31;512;100
31;550;1
31;551;101
31;557;2222
31;586;2222
31;620;1001
31;628;111
31;651;2221
31;701;1100
31;722;1001
31;724;1000
31;729;101
31;735;100
31;760;2222
31;762;1000
31;764;1000
31;839;1212
31;845;2222
31;882;1112
31;937;101
31;938;1212
31;940;101
31;942;1012
31;944;1
31;999;2222
31;1000;101
31;1020;2122
31;1022;1222
31;1036;2112
31;1040;1102
31;1084;2222
31;1093;2
31;1187;101
31;1224;1120
31;1232;1
31;1233;2222
31;1234;102
32;43;1000
32;127;1
32;128;1000
32;181;1
32;184;2222
32;189;2
32;212;11
32;226;1
32;239;11
32;315;1000
32;330;1
32;331;1
32;370;1000
32;389;1112
32;433;1121
32;467;1000
32;473;1
32;489;1000
32;506;10
32;586;1011
32;722;1122
32;735;1
32;764;1
32;882;1
32;937;1
32;999;1000
32;1040;101
32;1093;1
32;1220;1
32;1234;1100
33;37;101
33;65;1
33;91;2222
33;94;2220
33;96;1
33;210;2220
33;225;12
33;297;1
33;359;1011
33;370;1212
33;403;2212
33;404;2
33;413;2
33;465;2222
33;515;1
33;612;2222
33;637;2220
33;638;2220
33;663;1
33;719;1
33;721;2222
33;731;1
33;763;1001
33;764;2
33;773;1
33;793;10
33;795;1000
33;797;2210
33;811;2222
33;818;2220
33;822;1
33;825;2222
33;846;1
33;882;1
33;888;1002
33;889;2
33;916;2222
33;920;2212
33;927;2121
33;978;2110
33;981;1000
33;995;1121
33;996;2222
33;1000;100
33;1023;1
33;1052;2222
33;1072;1
33;1098;1
33;1105;2222
33;1113;2222
33;1122;1112
33;1123;112
33;1183;1122
33;1186;1222
33;1189;11
33;1215;10
33;1234;1222
34;37;2222
34;65;2212
34;76;11
34;77;100
34;94;2
34;135;1
34;225;2
34;235;10
34;236;10
34;247;10
34;261;2122
34;277;10
34;297;1
34;359;10
34;403;2221
34;404;2222
34;465;2222
34;471;2221
34;552;1
34;627;1
34;637;2222
34;638;2222
34;721;2222
34;773;2211
34;795;2222
34;817;2222
34;818;1
34;825;100
34;846;2222
34;916;2221
34;933;1
34;941;100
34;944;1
34;995;2222
34;1000;100
34;1023;1
34;1052;101
34;1186;1
34;1234;1
35;32;1000
35;120;100
35;210;2222
35;811;1120
35;825;100
35;888;1
35;913;2110
35;915;2120
35;920;100
35;926;10
35;948;10
35;1105;1
35;1109;2222
35;1119;1
36;66;1000
36;325;1
36;370;2
36;403;1100
36;612;2120
36;721;1000
36;722;2220
36;724;1
36;1052;2220
37;3;2112
37;4;1000
37;28;2120
37;33;2222
37;35;2122
37;38;2222
37;65;1001
37;71;1111
37;76;1002
37;116;1
37;119;1
37;120;1222
37;131;2222
37;148;1
37;150;1
37;158;2222
37;175;2222
37;203;2122
37;220;1
37;225;2222
37;231;12
37;233;10
37;234;2222
37;238;11
37;247;2112
37;280;1212
37;291;1
37;294;1000
37;318;2222
37;319;2111
37;333;1012
37;334;1001
37;342;1
37;345;1
37;370;12
37;378;2122
37;379;2222
37;380;2222
37;392;1
37;403;1
37;428;1001
37;433;1000
37;443;1
37;465;2222
37;470;2121
37;476;1122
37;482;2222
37;483;2222
37;491;2222
37;492;2222
37;510;1
37;512;1
37;514;1
37;596;1
37;600;2222
37;627;1112
37;671;1
37;697;2222
37;711;10
37;712;2122
37;717;2222
37;721;1000
37;731;2
37;774;1011
37;776;1
37;815;2222
37;817;2122
37;818;1
37;831;2221
37;835;2122
37;849;2222
37;866;1012
37;871;12
37;877;2222
37;888;1
37;930;2122
37;933;1111
37;941;1000
37;942;1211
37;944;100
37;946;2222
37;991;2212
37;1008;2222
37;1011;1011
37;1014;2222
37;1028;2222
37;1080;1
37;1126;2222
37;1128;1222
37;1130;1
37;1131;1122
37;1133;2222
37;1135;111
37;1174;1222
37;1176;2222
37;1178;2122
37;1182;1222
37;1234;1212
38;14;2122
38;76;1
38;117;1010
38;142;1
38;252;100
38;360;2212
38;370;1
38;390;2222
38;392;1
38;444;1
38;465;1212
38;503;1
38;505;10
38;510;1
38;572;10
38;573;10
38;621;1
38;622;2
38;627;1
38;634;2112
38;644;1121
38;646;1001
38;666;1010
38;702;2
38;729;1
38;776;1
38;786;1000
38;856;1
38;862;1
38;866;100
38;873;1002
38;881;1000
38;882;2
38;888;1
38;971;1122
38;990;2
38;1001;1000
38;1024;1001
38;1027;1000
38;1029;1000
38;1059;1000
38;1066;1
38;1068;1222
38;1072;1
38;1075;1000
38;1130;1222
38;1136;1222
38;1140;1122
38;1146;11
38;1148;11
38;1160;11
38;1230;1000
38;1234;1210
39;3;1000
39;67;1
39;74;1
39;76;1
39;83;2121
39;84;1
39;85;2122
39;102;1000
39;107;1
39;108;2
39;112;11
39;135;1
39;143;1000
39;216;2122
39;217;2122
39;218;2122
39;219;2122
39;221;2122
39;222;2121
39;225;2222
39;226;1
39;230;1002
39;233;10
39;235;2122
39;236;2122
39;244;10
39;248;10
39;249;2112
39;252;1011
39;254;1010
39;263;1011
39;276;1
39;277;2122
39;289;2112
39;293;2112
39;297;1
39;301;1
39;304;1122
39;306;1
39;307;1001
39;308;2
39;338;2122
39;342;2
39;343;2
39;356;1101
39;360;10
39;365;1
39;366;1000
39;370;1
39;392;1
39;404;2
39;407;2122
39;412;2110
39;420;2112
39;433;1002
39;453;1000
39;465;2
39;470;2121
39;488;11
39;490;1
39;494;2
39;503;1
39;505;12
39;508;101
39;510;1001
39;529;12
39;530;1
39;532;1
39;534;11
39;535;1
39;553;1012
39;560;2122
39;563;2
39;564;1001
39;565;1
39;566;1
39;567;1001
39;568;1
39;569;1
39;570;11
39;571;11
39;572;1
39;573;1011
39;576;1000
39;584;1122
39;586;1
39;608;11
39;610;1
39;619;2121
39;621;1
39;622;2
39;627;1
39;639;2221
39;645;2111
39;646;1001
39;647;10
39;652;1
39;654;2121
39;702;2
39;716;111
39;729;1
39;738;2
39;739;2
39;740;2
39;744;1
39;746;2
39;749;1
39;776;1
39;777;11
39;786;11
39;845;1
39;849;1
39;851;2121
39;862;1
39;869;1002
39;873;1122
39;881;1001
39;882;2
39;888;1
39;889;1
39;892;1
39;902;1
39;918;2
39;942;1
39;944;1
39;949;1002
39;966;12
39;971;2122
39;990;2
39;1001;1001
39;1026;1
39;1027;1001
39;1029;1001
39;1044;1
39;1066;1
39;1070;1
39;1072;1
39;1076;1
39;1096;100
39;1127;1011
39;1135;1
39;1136;1000
39;1137;1221
39;1139;1222
39;1140;10
39;1141;1122
39;1146;11
39;1148;11
39;1160;10
39;1161;1
39;1185;1
39;1194;1
39;1209;1
39;1210;1
39;1211;1002
39;1222;1
39;1224;1
39;1225;1112
39;1230;1002
39;1234;1211
39;1236;1
39;1238;2
40;2;100
40;3;2122
40;4;2122
40;5;100
40;9;1
40;10;1
40;17;1
40;28;2212
40;32;1
40;35;100
40;76;1
40;77;1122
40;95;2110
40;103;10
40;105;10
40;108;10
40;109;1010
40;112;10
40;115;10
40;116;1122
40;119;1001
40;120;1
40;132;1
40;142;1
40;144;1
40;150;102
40;151;2
40;169;1000
40;173;1
40;189;1
40;198;10
40;210;1
40;225;2122
40;231;2122
40;233;2222
40;235;10
40;236;10
40;240;2110
40;248;1000
40;249;10
40;252;1002
40;254;1122
40;261;10
40;263;1
40;277;1122
40;279;10
40;289;10
40;291;1
40;293;11
40;294;1011
40;297;1
40;298;1
40;304;10
40;308;10
40;333;1
40;338;1
40;344;11
40;345;1
40;351;1000
40;352;1000
40;370;1001
40;392;1
40;404;2122
40;405;2122
40;407;10
40;413;1
40;417;102
40;420;12
40;434;1
40;465;2222
40;478;1
40;479;2111
40;508;2
40;510;10
40;515;1
40;526;10
40;529;10
40;532;10
40;535;1
40;553;10
40;560;1010
40;571;10
40;572;10
40;573;1010
40;576;1000
40;583;1
40;613;1
40;616;1
40;619;10
40;645;10
40;646;10
40;654;10
40;673;1
40;677;1
40;731;1
40;735;1
40;763;1
40;780;10
40;785;2122
40;786;2122
40;815;1221
40;849;100
40;851;1
40;852;1
40;869;1000
40;882;1
40;888;100
40;899;1210
40;931;10
40;941;1111
40;942;1
40;949;1000
40;954;101
40;956;100
40;959;100
40;1000;1
40;1008;1222
40;1024;1000
40;1027;1
40;1029;1
40;1052;11
40;1080;101
40;1100;1212
40;1105;2
40;1109;10
40;1117;1212
40;1124;2210
40;1126;10
40;1127;12
40;1128;10
40;1130;1
40;1131;2
40;1132;1
40;1133;11
40;1135;1122
40;1137;1121
40;1139;1220
40;1141;1120
40;1146;10
40;1148;10
40;1160;11
40;1161;10
40;1192;1
40;1193;1121
40;1230;1120
40;1234;2222
41;46;100
41;296;100
41;301;100
41;322;10
41;370;100
41;392;1000
41;603;2221
41;941;1
41;998;1010
41;1106;2222
41;1107;2222
41;1108;2222
41;1115;1122
41;1184;10
41;1190;2222
42;5;1
42;46;100
42;57;2222
42;92;2212
42;135;1
42;209;2222
42;245;1011
42;297;1
42;301;1112
42;314;100
42;317;2222
42;322;1
42;337;1212
42;339;100
42;370;11
42;416;2212
42;434;1
42;443;2220
42;489;1
42;505;2221
42;509;1000
42;550;1
42;585;2222
42;586;1
42;601;1
42;695;2222
42;719;1
42;722;2
42;724;1
42;731;1
42;763;1
42;764;1
42;770;1
42;822;1
42;837;1
42;888;1
42;931;1011
42;944;1
42;1000;1
42;1033;1
42;1040;1
42;1085;1011
42;1093;1
42;1187;1
42;1192;1
42;1232;1
42;1234;1001
43;3;100
43;4;100
43;28;100
43;54;1121
43;65;100
43;66;2221
43;91;100
43;94;100
43;119;12
43;124;1212
43;125;2222
43;135;1
43;137;2
43;140;2222
43;147;10
43;172;2222
43;173;1220
43;199;1
43;221;1
43;261;1100
43;294;100
43;301;1
43;302;1100
43;303;2120
43;307;1
43;308;100
43;311;100
43;324;100
43;334;100
43;361;100
43;370;1112
43;386;1000
43;392;11
43;404;100
43;418;2212
43;430;1
43;440;2222
43;441;2222
43;461;1210
43;471;1
43;484;110
43;490;1
43;493;1
43;504;2222
43;505;1
43;522;101
43;526;1100
43;527;100
43;560;100
43;562;100
43;563;1
43;568;2222
43;570;1
43;571;1
43;575;1
43;636;1000
43;655;10
43;693;1
43;694;100
43;707;1
43;714;1100
43;733;1
43;737;1
43;741;1
43;758;1
43;793;100
43;795;100
43;817;100
43;818;100
43;864;1
43;889;1
43;891;11
43;913;100
43;916;100
43;918;1011
43;921;1102
43;944;1
43;958;1002
43;960;2222
43;966;1001
43;967;1001
43;975;2
43;982;1
43;997;10
43;1000;2
43;1080;1
43;1093;1
43;1094;1
43;1121;1
43;1156;1
43;1167;11
43;1172;11
43;1184;10
43;1185;1
43;1199;1002
43;1200;2211
43;1209;1
43;1216;10
44;44;2222
44;45;1000
44;53;2222
44;67;1211
44;72;2112
44;74;2222
44;83;1001
44;84;1112
44;106;1001
44;108;1000
44;118;1000
44;121;1000
44;122;11
44;124;2222
44;125;100
44;135;1
44;138;2
44;142;10
44;143;2212
44;154;2212
44;166;1000
44;171;2212
44;172;1000
44;190;2222
44;235;2210
44;236;2211
44;242;2210
44;243;2210
44;244;2220
44;257;1001
44;264;2110
44;269;2212
44;276;1
44;297;1
44;310;100
44;312;2222
44;325;1111
44;336;2111
44;360;1001
44;370;1000
44;371;1
44;381;1
44;386;2212
44;390;2212
44;392;1
44;399;1211
44;409;1
44;411;2222
44;415;2120
44;430;1001
44;435;1
44;436;2220
44;453;2222
44;465;1
44;493;101
44;495;2222
44;503;1
44;504;2222
44;523;1001
44;528;2212
44;538;1
44;548;2222
44;561;2212
44;563;1
44;566;2222
44;567;2222
44;568;2222
44;569;2220
44;570;1120
44;572;1210
44;574;2222
44;575;2222
44;576;10
44;590;1
44;608;1
44;621;2222
44;622;2222
44;623;2222
44;624;2212
44;625;2222
44;634;2222
44;636;2222
44;645;101
44;647;1212
44;655;2222
44;666;1211
44;691;2222
44;702;2222
44;737;2222
44;743;2222
44;747;1
44;750;2222
44;765;2222
44;766;2222
44;767;1
44;786;2222
44;840;2222
44;841;1101
44;847;2222
44;850;2222
44;856;1
44;858;2121
44;862;1
44;873;2222
44;875;1
44;951;2222
44;953;2222
44;961;1000
44;967;2222
44;971;1221
44;973;2222
44;1024;2222
44;1029;2222
44;1030;2222
44;1053;2222
44;1054;1
44;1055;2222
44;1057;1012
44;1059;2222
44;1070;1
44;1072;1212
44;1130;2
44;1136;1
44;1139;1
44;1142;1002
44;1144;1
44;1146;1220
44;1148;1222
44;1156;1221
44;1157;1
44;1160;2122
44;1185;2221
44;1196;1
44;1201;2222
44;1202;2222
44;1210;1
44;1212;1
44;1222;2222
44;1230;2211
44;1231;1101
45;278;100
45;283;100
45;286;100
45;287;101
45;288;100
45;289;1220
45;290;1110
45;292;2210
45;293;1220
45;338;1212
45;538;2210
45;540;1000
45;715;100
45;758;1010
45;803;2212
45;919;2212
45;924;2212
45;1050;10
45;1159;2222
45;1168;10
46;51;2222
46;53;2222
46;370;10
46;410;11
46;430;1
46;500;100
46;503;2221
46;516;2111
46;553;1002
46;568;1000
46;623;10
46;702;2122
46;737;2222
46;854;1111
46;856;2111
46;857;2
46;1196;1
46;1212;1121
47;15;2
47;57;1000
47;92;2220
47;118;10
47;121;10
47;125;1
47;163;2222
47;165;2
47;172;12
47;183;10
47;208;1
47;209;2220
47;245;1000
47;259;10
47;278;10
47;279;10
47;283;10
47;286;10
47;287;10
47;295;2211
47;296;100
47;301;1210
47;302;100
47;317;2220
47;337;1000
47;361;1000
47;370;1000
47;406;2212
47;416;1000
47;436;1
47;505;2221
47;508;2210
47;525;10
47;585;2220
47;613;2210
47;684;2222
47;694;2212
47;695;2210
47;707;110
47;781;1
47;862;10
47;868;10
47;906;2221
47;928;10
47;931;1000
47;971;100
47;998;1010
47;1000;1001
47;1013;1000
47;1058;2220
47;1075;10
47;1106;1000
47;1107;1000
47;1108;1000
47;1129;10
47;1132;10
47;1165;2222
47;1192;1000
47;1194;10
47;1206;10
48;44;110
48;72;100
48;74;100
48;124;2220
48;143;2
48;154;2222
48;190;10
48;257;11
48;312;100
48;336;2222
48;386;100
48;422;1
48;436;2222
48;453;2222
48;493;101
48;495;2220
48;523;2220
48;548;2220
48;566;1000
48;568;2222
48;576;2222
48;691;1
48;765;10
48;766;10
48;786;10
48;850;2222
48;967;11
48;1142;2220
48;1201;1
48;1231;2122
49;72;100
49;84;10
49;138;2222
49;143;2222
49;230;2220
49;313;2222
49;370;10
49;392;1010
49;393;2220
49;430;10
49;436;2222
49;440;1000
49;465;1
49;493;2222
49;503;1
49;504;1222
49;505;1
49;523;2220
49;530;1
49;553;10
49;562;2220
49;563;2220
49;566;1000
49;568;1212
49;570;1001
49;586;1
49;608;1
49;624;2222
49;625;1221
49;691;2220
49;726;100
49;743;2220
49;749;11
49;953;1222
49;972;2222
49;1198;2222
50;44;100
50;259;2222
50;309;100
50;347;1
50;435;2222
50;440;1001
50;495;2222
50;505;1
50;543;100
50;548;2222
50;568;1001
50;570;1
50;575;1
50;601;1
50;634;1
50;829;1
50;848;2222
50;953;1222
50;961;2222
50;973;1220
50;1058;100
50;1156;1121
50;1157;2222
50;1159;1121
50;1160;1
51;1;100
51;11;100
51;14;100
51;18;1120
51;19;1210
51;26;2221
51;44;1120
51;51;100
51;55;100
51;62;100
51;63;100
51;66;1
51;67;1112
51;72;1112
51;83;1
51;84;1112
51;85;2222
51;102;1100
51;107;1102
51;108;1
51;112;2212
51;114;2211
51;122;2222
51;124;2
51;135;1
51;137;2221
51;141;2222
51;142;2212
51;177;1
51;190;1
51;191;2121
51;196;11
51;200;1
51;201;2222
51;214;2222
51;216;100
51;217;100
51;218;100
51;219;100
51;221;100
51;222;100
51;225;2222
51;230;1
51;235;2212
51;236;2211
51;245;100
51;249;2222
51;252;100
51;254;2111
51;263;100
51;264;1100
51;270;2212
51;276;1
51;277;2210
51;279;12
51;281;11
51;289;100
51;297;1001
51;302;2212
51;303;2212
51;304;2221
51;305;2212
51;306;2222
51;307;102
51;308;2111
51;311;1
51;322;1
51;325;1211
51;333;1101
51;337;1001
51;343;1
51;345;100
51;355;100
51;360;1002
51;365;1212
51;366;1211
51;370;1112
51;382;1
51;383;1012
51;386;1222
51;391;11
51;392;1122
51;400;2112
51;402;1
51;407;2221
51;415;1101
51;417;2
51;418;1211
51;419;2111
51;430;1011
51;435;1
51;437;1
51;440;1
51;442;2122
51;444;2222
51;445;2222
51;465;1222
51;481;2222
51;484;2211
51;488;1
51;490;2222
51;493;101
51;494;2122
51;495;1
51;498;1122
51;501;2221
51;502;1
51;503;11
51;504;2222
51;505;1
51;510;1
51;511;1011
51;517;11
51;521;1210
51;526;1
51;528;2211
51;529;2211
51;530;2211
51;531;2211
51;532;2221
51;534;2211
51;535;2222
51;548;1
51;553;2211
51;560;2222
51;562;102
51;563;2211
51;564;2222
51;565;2222
51;566;2221
51;568;1222
51;569;2222
51;570;1222
51;571;1000
51;572;2222
51;573;2222
51;574;2222
51;575;2222
51;576;1
51;589;10
51;590;101
51;605;1122
51;608;1222
51;625;1
51;627;1
51;636;1002
51;639;1100
51;643;1
51;646;2222
51;675;1100
51;681;2112
51;685;2222
51;707;1000
51;726;2222
51;733;1
51;737;10
51;738;2222
51;739;2222
51;740;2222
51;741;2222
51;744;2222
51;745;1
51;746;2222
51;747;1
51;748;2222
51;749;2222
51;779;1001
51;789;2210
51;790;100
51;793;1
51;827;2222
51;828;100
51;829;2211
51;847;1
51;852;100
51;856;101
51;857;100
51;858;1
51;861;1
51;864;1211
51;865;2
51;866;1
51;868;1000
51;869;2112
51;875;1
51;881;1
51;889;1
51;891;1001
51;892;2212
51;905;1
51;918;2222
51;921;2222
51;925;1001
51;926;1000
51;933;1
51;936;100
51;949;2222
51;950;2222
51;954;1220
51;956;1001
51;957;2222
51;958;2211
51;966;2221
51;990;1
51;991;1
51;1001;1
51;1024;1210
51;1026;2222
51;1027;100
51;1044;1221
51;1057;100
51;1065;1
51;1070;1100
51;1074;102
51;1076;2222
51;1079;1
51;1091;2
51;1120;1112
51;1127;100
51;1135;100
51;1137;100
51;1139;100
51;1141;100
51;1156;1221
51;1167;1222
51;1196;1211
51;1198;1
51;1199;1000
51;1200;2221
51;1202;10
51;1203;2122
51;1204;2221
51;1207;2122
51;1208;2222
51;1209;2222
51;1210;1121
51;1211;1222
51;1212;2122
51;1234;2
51;1236;1222
51;1238;1220
52;406;2222
52;505;10
53;1;1000
53;11;2
53;55;1000
53;81;1000
53;160;1
53;188;1000
53;223;1000
53;228;1000
53;347;1100
53;370;10
53;401;2210
53;432;1212
53;447;2220
53;505;1000
53;509;1000
53;577;1110
53;590;1010
53;767;1001
53;917;100
53;987;2221
53;1170;1210
53;1228;111
53;1229;111
54;11;2222
54;23;100
54;55;1010
54;187;1011
54;206;100
54;211;2222
54;223;1122
54;228;2222
54;229;2222
54;333;11
54;341;12
54;347;12
54;358;2222
54;369;2121
54;382;2222
54;394;2120
54;401;2111
54;402;2122
54;432;2222
54;485;2121
54;488;2120
54;505;11
54;513;1002
54;547;1
54;550;1
54;552;101
54;577;2110
54;590;11
54;607;100
54;613;1000
54;626;101
54;631;2212
54;632;1122
54;716;1101
54;767;1001
54;771;100
54;790;1
54;793;1
54;806;1
54;812;2122
54;819;2222
54;860;2
54;904;2212
54;905;100
54;917;2210
54;941;1001
54;964;2222
54;990;1001
54;1003;2
54;1005;2221
54;1007;2122
54;1013;1001
54;1048;2122
54;1060;2222
54;1099;100
54;1134;2112
54;1163;2212
54;1164;112
54;1169;1222
54;1171;100
54;1192;1
54;1237;100
55;70;100
55;232;1100
55;305;100
55;347;1000
55;358;2
55;391;2110
55;430;1
55;432;2122
55;463;1100
55;505;1001
55;521;2222
55;530;2122
55;640;1010
55;675;1000
55;749;10
55;779;1010
55;820;1122
55;828;1210
55;847;10
55;890;1001
55;1056;1000
55;1070;1100
55;1156;1
55;1205;2110
56;55;1000
56;89;110
56;123;1
56;135;1
56;181;1012
56;185;1001
56;212;1012
56;288;110
56;290;110
56;292;110
56;414;100
56;424;100
56;432;100
56;443;100
56;450;2
56;758;100
56;767;2222
56;783;1000
56;794;100
56;919;100
56;924;100
56;925;100
56;928;100
56;970;100
56;972;100
56;1066;100
56;1091;12
56;1093;1
56;1102;100
56;1115;100
56;1234;1
56;1239;100
57;1;1222
57;6;1
57;8;100
57;11;1
57;62;10
57;79;100
57;80;10
57;81;10
57;160;1001
57;177;100
57;178;1110
57;188;1010
57;200;100
57;223;2211
57;228;1000
57;282;12
57;346;2120
57;369;1000
57;370;1110
57;394;1220
57;397;100
57;415;1000
57;432;2120
57;447;100
57;513;1000
57;577;10
57;588;2220
57;590;2222
57;668;10
57;778;1210
57;784;1000
57;790;2220
57;812;101
57;833;1000
57;860;1120
57;865;2110
57;890;101
57;905;1210
57;983;1220
57;986;1120
57;987;1121
57;988;2220
57;989;1010
57;1086;100
57;1090;100
57;1091;11
57;1095;2110
57;1170;2
57;1171;2
57;1173;1120
57;1203;1100
58;1;2222
58;6;2222
58;7;2222
58;43;100
58;48;1010
58;55;2210
58;60;100
58;62;2112
58;63;2110
58;80;2212
58;81;2
58;82;2210
58;102;1
58;111;10
58;160;2222
58;164;1
58;178;2122
58;179;2110
58;187;2120
58;188;2121
58;200;1002
58;223;2221
58;228;2120
58;229;1220
58;271;2210
58;282;1001
58;335;1001
58;346;2122
58;347;2121
58;366;10
58;369;2220
58;370;1100
58;384;1000
58;392;10
58;394;2211
58;397;100
58;402;1
58;415;1001
58;427;1
58;429;100
58;432;2122
58;447;2122
58;457;1
58;463;10
58;485;1
58;505;1120
58;511;100
58;513;111
58;517;10
58;550;1
58;577;2122
58;588;2122
58;589;2110
58;590;2222
58;591;2222
58;609;10
58;614;2121
58;631;2120
58;668;1021
58;748;10
58;749;10
58;769;1121
58;778;2212
58;784;1002
58;790;2222
58;805;1
58;812;2212
58;820;1
58;860;2222
58;865;2122
58;874;1112
58;890;2122
58;903;110
58;905;2220
58;912;1
58;917;2211
58;964;100
58;983;2222
58;986;2222
58;987;2222
58;988;2222
58;989;2222
58;990;1
58;1005;1
58;1025;1100
58;1077;2220
58;1086;100
58;1090;100
58;1091;11
58;1134;2
58;1170;2221
58;1171;1122
58;1173;2222
58;1228;1000
58;1234;1
59;1;2
59;6;1
59;11;1
59;18;101
59;45;10
59;48;112
59;55;2222
59;62;2
59;63;2
59;67;1
59;79;1000
59;80;2
59;81;1002
59;84;1012
59;102;2111
59;107;1012
59;110;1
59;111;100
59;122;1100
59;160;101
59;164;1
59;166;110
59;177;1
59;179;1
59;187;2
59;188;1
59;191;1102
59;200;1
59;214;2111
59;223;2222
59;228;1112
59;229;1222
59;245;10
59;275;1011
59;279;2111
59;281;1
59;284;2112
59;306;1
59;333;1
59;335;111
59;346;101
59;347;1002
59;365;2111
59;366;2111
59;369;1
59;370;1011
59;382;1
59;386;1001
59;392;11
59;394;2212
59;397;2121
59;401;2122
59;402;2222
59;415;2
59;425;10
59;427;1
59;430;1
59;432;2122
59;442;1
59;444;1
59;447;2
59;452;1
59;465;1
59;485;1001
59;504;1
59;505;1122
59;509;2112
59;513;1112
59;521;2
59;524;1
59;530;2
59;565;1121
59;572;1011
59;574;1011
59;577;2222
59;588;112
59;590;1012
59;591;2
59;607;1
59;608;1220
59;609;100
59;614;2
59;631;101
59;668;2222
59;670;1122
59;678;1
59;679;1
59;685;10
59;689;2111
59;738;1
59;748;1
59;767;2212
59;769;1
59;778;101
59;784;2122
59;790;2120
59;812;2222
59;820;1
59;827;1001
59;828;1
59;833;2121
59;860;102
59;865;2122
59;869;100
59;874;102
59;882;1
59;903;1111
59;905;2221
59;912;1
59;917;101
59;936;2112
59;937;1
59;964;100
59;977;10
59;983;102
59;986;102
59;987;2
59;988;102
59;989;2222
59;990;1
59;1005;1
59;1007;1
59;1025;2121
59;1044;1100
59;1056;10
59;1060;12
59;1071;1
59;1074;2122
59;1075;1
59;1077;2222
59;1091;11
59;1095;1122
59;1097;1
59;1102;2121
59;1134;2
59;1143;10
59;1163;1121
59;1170;1
59;1171;1112
59;1172;12
59;1173;1210
59;1203;1000
59;1205;1111
59;1228;2
59;1232;1
60;17;101
60;87;100
60;100;2222
60;155;1220
60;241;2112
60;267;111
60;322;1210
60;340;2
60;348;2222
60;354;1000
60;370;1000
60;446;2220
60;519;1010
60;550;1000
60;587;2120
60;597;2120
60;653;1010
60;698;2122
60;722;1
60;724;1
60;751;10
60;764;1
60;990;1002
60;1000;1
60;1004;2222
60;1040;1
60;1041;1110
60;1043;1110
60;1046;2
60;1047;1110
60;1104;1
60;1110;12
60;1192;1100
60;1194;1
61;10;1010
61;56;1
61;62;100
61;63;100
61;114;100
61;132;1
61;187;1
61;195;2222
61;196;2222
61;197;100
61;200;2
61;226;1
61;298;1
61;347;1
61;358;100
61;370;1012
61;383;2222
61;427;1
61;432;1002
61;434;1
61;437;2222
61;439;100
61;465;112
61;481;1101
61;490;1120
61;498;102
61;500;100
61;501;2222
61;502;2222
61;505;2222
61;511;1001
61;517;1
61;531;2121
61;532;10
61;535;10
61;565;10
61;570;1001
61;590;1001
61;605;2222
61;668;1
61;685;2222
61;726;10
61;735;1
61;738;10
61;739;10
61;741;10
61;754;2212
61;763;1
61;767;1
61;827;100
61;847;10
61;864;1
61;865;1
61;875;100
61;882;2
61;912;1
61;944;1
61;969;2122
61;980;100
61;990;2
61;1040;1
61;1079;1122
61;1092;2
61;1093;2
61;1098;1
61;1188;1
61;1207;10
61;1208;10
61;1234;1
61;1236;1
62;10;1
62;17;2211
62;24;1
62;43;100
62;56;1010
62;60;10
62;62;100
62;63;1101
62;64;1220
62;69;1000
62;72;1
62;88;10
62;94;1
62;110;100
62;144;1001
62;148;2222
62;155;2111
62;160;1
62;182;100
62;192;2210
62;193;2211
62;194;2210
62;197;1110
62;200;1001
62;211;100
62;224;100
62;226;1112
62;237;1
62;238;11
62;244;1000
62;267;2
62;297;1001
62;321;1000
62;322;1
62;330;1000
62;331;1011
62;333;1001
62;340;1000
62;348;1002
62;349;1000
62;354;1001
62;358;1000
62;359;12
62;370;2212
62;372;1000
62;382;1001
62;383;1000
62;427;1000
62;429;1000
62;434;1
62;437;2220
62;438;2221
62;446;1000
62;458;100
62;459;100
62;460;100
62;465;100
62;472;1000
62;473;1210
62;479;100
62;486;10
62;505;100
62;537;1000
62;539;100
62;550;2112
62;551;1
62;558;1010
62;559;1
62;580;1
62;586;1
62;590;10
62;607;2220
62;643;1
62;663;1010
62;677;10
62;698;1101
62;703;1100
62;704;1
62;722;1122
62;724;1002
62;729;1
62;731;1
62;734;1000
62;735;1
62;736;1120
62;761;1001
62;763;1102
62;764;1001
62;767;1
62;768;1011
62;783;10
62;787;1000
62;803;111
62;804;100
62;806;2122
62;819;1000
62;821;1
62;822;2
62;837;1120
62;842;2221
62;843;1
62;844;2
62;845;2
62;870;1
62;879;1000
62;880;1
62;882;1002
62;885;1000
62;886;1000
62;888;1002
62;889;2
62;904;1101
62;907;2110
62;912;1000
62;913;1000
62;914;100
62;920;1
62;937;1000
62;941;1011
62;944;1000
62;945;1
62;964;1000
62;969;100
62;990;1002
62;1000;1002
62;1022;1
62;1023;1002
62;1032;1000
62;1033;1
62;1038;1000
62;1039;1000
62;1040;2
62;1042;1
62;1071;1000
62;1073;2122
62;1080;2
62;1093;1
62;1104;1
62;1151;1121
62;1192;1
62;1195;1000
62;1214;1210
62;1232;1
62;1234;101
63;1;1
63;23;100
63;62;100
63;63;100
63;166;1
63;322;1010
63;347;2220
63;370;10
63;374;100
63;429;2222
63;434;2110
63;437;100
63;438;1
63;463;2222
63;490;100
63;499;2220
63;500;100
63;501;100
63;502;100
63;505;100
63;592;1100
63;669;100
63;698;1000
63;704;1
63;724;1
63;763;1
63;803;100
63;805;101
63;821;10
63;922;1000
63;976;2210
63;980;100
63;1040;1
63;1091;10
63;1155;2222
63;1171;2110
63;1192;1210
63;1228;2120
63;1229;2120
64;17;12
64;20;2
64;22;2222
64;24;1
64;64;1211
64;144;101
64;148;101
64;155;1
64;160;1
64;197;101
64;227;100
64;267;1
64;322;1
64;331;1
64;349;1000
64;358;1000
64;370;1110
64;372;2222
64;382;1
64;434;1
64;437;2222
64;472;100
64;550;2
64;590;1
64;605;1
64;606;10
64;674;10
64;698;1
64;703;1
64;722;10
64;724;1
64;768;1
64;814;2222
64;842;2222
64;844;2
64;882;1
64;889;2
64;907;1
64;944;1
64;963;1001
64;1000;2
64;1033;1
64;1038;2222
64;1067;1
64;1071;1
64;1076;1
64;1091;2
64;1093;2
64;1188;1
64;1195;2222
65;17;12
65;20;2121
65;22;112
65;24;2122
65;64;2222
65;87;1002
65;93;1
65;132;1
65;135;1
65;144;2222
65;148;102
65;155;2122
65;192;2220
65;194;2222
65;197;102
65;206;1211
65;211;2222
65;224;100
65;227;1
65;238;1
65;267;1
65;297;1
65;322;1
65;323;2
65;331;11
65;341;12
65;349;2112
65;358;1000
65;368;2112
65;370;1212
65;372;2212
65;383;1
65;386;1
65;387;2122
65;388;2122
65;437;2222
65;519;1
65;539;100
65;543;1
65;546;1
65;550;2
65;578;2222
65;587;1
65;597;2
65;599;1
65;606;1111
65;611;1
65;629;1
65;653;11
65;674;2122
65;699;2111
65;722;1012
65;736;1121
65;763;1
65;788;1
65;803;1
65;814;1002
65;819;100
65;821;1010
65;833;1
65;842;2222
65;882;1
65;885;2112
65;886;2112
65;889;1
65;904;2220
65;913;1
65;963;1
65;964;1210
65;990;2
65;1000;2
65;1006;1000
65;1007;1220
65;1038;2222
65;1042;1
65;1045;1012
65;1046;2221
65;1048;101
65;1067;1012
65;1073;2222
65;1092;2
65;1093;1
65;1099;1121
65;1149;1
65;1150;1
65;1151;1122
65;1153;1
65;1164;1
65;1188;1
65;1195;1122
65;1214;1
65;1232;1
65;1234;2
65;1237;2122
66;1;1
66;10;1
66;11;1
66;13;1
66;17;12
66;22;2
66;63;100
66;100;2210
66;148;12
66;155;1
66;160;1
66;166;1
66;187;100
66;200;1101
66;267;1
66;322;2222
66;340;2110
66;348;2212
66;350;1012
66;370;2212
66;385;1
66;427;1
66;429;2222
66;434;2212
66;446;1000
66;463;1220
66;498;1000
66;558;11
66;590;1
66;605;1
66;607;10
66;630;1
66;698;1102
66;722;2
66;724;2
66;731;1
66;736;2
66;763;1002
66;767;1
66;771;10
66;788;1000
66;821;1011
66;837;100
66;882;2
66;907;1000
66;912;1000
66;913;1
66;944;1002
66;969;100
66;976;100
66;980;100
66;990;2
66;1004;100
66;1098;1
66;1104;1
66;1109;1
66;1134;1
66;1155;2120
66;1192;2222
66;1194;11
66;1195;1
66;1214;10
66;1226;1
67;43;100
67;61;1
67;148;2212
67;354;1000
67;370;1012
67;472;1220
67;473;100
67;519;100
67;724;1001
67;764;1
67;842;11
67;910;2120
67;914;2220
67;1234;2
68;11;100
68;64;1000
68;90;1112
68;135;1
68;195;2220
68;206;2121
68;297;1
68;327;1
68;331;1
68;341;1100
68;349;2212
68;358;1000
68;359;1
68;370;1000
68;437;10
68;438;1220
68;543;2222
68;546;1002
68;550;1
68;607;1
68;632;1
68;734;1002
68;819;1000
68;826;1
68;838;1
68;882;1
68;889;2
68;904;1111
68;913;1000
68;944;1
68;964;2120
68;969;1
68;1000;1
68;1003;2222
68;1040;1
68;1046;2
68;1048;1100
68;1093;2
68;1099;2120
68;1134;100
68;1149;10
68;1150;10
68;1164;1110
68;1172;1000
68;1234;1
69;193;2222
69;326;1
69;327;1001
69;359;2112
69;363;2122
69;370;1112
69;438;2122
69;550;1
69;703;2222
69;724;1
69;837;1
69;907;2222
69;944;1101
69;1000;1102
69;1234;1101
70;17;100
70;327;1001
70;340;2222
70;370;1112
70;438;1122
70;698;2222
70;722;100
70;804;2222
70;837;1
70;944;1101
70;952;100
70;1000;1102
70;1009;2222
70;1032;2222
70;1104;2222
70;1232;1
70;1234;1102
71;11;10
71;56;1000
71;148;2222
71;327;1000
71;370;1
71;547;1
72;58;1011
72;250;1000
72;323;2220
72;333;1
72;682;2122
72;683;2120
72;732;2222
72;733;2
72;837;1
72;941;1
72;1000;1
72;1019;1
72;1125;1
73;50;2222
73;224;1122
73;227;2222
73;359;2112
73;370;1111
73;438;1122
73;629;2220
73;630;2222
73;724;1
73;806;2110
73;843;2222
73;844;2222
73;990;1
73;1000;1
73;1093;2
73;1228;10
73;1229;10
73;1234;1
74;148;2220
74;370;1000
74;724;1001
74;910;2122
74;914;2222
74;1000;1
74;1093;2
75;100;1000
75;241;102
75;273;11
75;316;2222
75;348;1010
75;354;1010
75;359;2110
75;370;1112
75;446;2222
75;519;1001
75;587;1010
75;597;1000
75;751;110
75;757;10
75;837;1
75;944;1101
75;1043;1000
75;1047;1000
75;1110;1012
75;1234;2
75;1235;100
76;329;1
76;330;100
76;359;101
76;370;110
76;437;2212
76;438;1011
76;606;2222
76;731;1
76;882;1
76;889;1
76;1007;1012
76;1023;1
76;1039;1
76;1048;1010
76;1080;1
76;1134;1
76;1188;1222
77;25;101
77;27;2222
77;31;10
77;50;1
77;90;1212
77;128;12
77;135;101
77;148;1
77;168;1
77;195;2221
77;197;1
77;224;1122
77;226;1
77;227;1220
77;267;1
77;297;1
77;298;1
77;321;10
77;323;2222
77;326;10
77;327;1212
77;329;1012
77;330;102
77;333;1
77;359;2112
77;370;1112
77;428;1
77;437;1222
77;438;1222
77;542;1010
77;546;2222
77;550;1
77;551;1
77;558;1
77;586;1
77;592;110
77;629;2222
77;630;2221
77;663;1
77;722;2
77;724;1
77;729;1
77;731;2
77;734;2222
77;735;2
77;754;2222
77;806;1000
77;826;1
77;837;1
77;839;1
77;843;2122
77;844;2122
77;845;2
77;879;1
77;882;2
77;889;2
77;912;1
77;937;1
77;939;1112
77;941;1
77;944;2
77;963;1211
77;990;2
77;1006;2222
77;1012;2222
77;1023;1
77;1034;2222
77;1035;2222
77;1040;1
77;1080;1
77;1092;2
77;1093;2
77;1134;1
77;1138;1122
77;1149;1112
77;1150;112
77;1152;2122
77;1153;2122
77;1188;1
77;1220;2222
77;1232;1
77;1234;1102
78;61;112
78;65;100
78;82;1
78;90;100
78;93;100
78;135;10
78;146;1002
78;152;11
78;159;1122
78;161;10
78;179;11
78;184;1000
78;188;1
78;238;100
78;253;1211
78;255;2212
78;265;1
78;282;2
78;315;100
78;320;2222
78;321;100
78;326;100
78;330;100
78;333;100
78;359;1
78;370;1011
78;373;2212
78;427;101
78;438;102
78;451;1
78;452;1122
78;459;1220
78;460;1000
78;479;100
78;556;101
78;648;10
78;663;100
78;680;2222
78;686;1111
78;696;1
78;718;1
78;722;1
78;724;1
78;731;1
78;734;1
78;753;100
78;800;10
78;802;2221
78;838;100
78;884;1
78;889;1
78;912;100
78;944;1
78;945;100
78;1010;11
78;1015;1
78;1019;100
78;1021;2222
78;1042;2
78;1065;100
78;1069;1
78;1071;12
78;1078;2
78;1081;11
78;1086;2
78;1089;2
78;1090;2
78;1091;112
78;1093;2
78;1111;2222
78;1112;100
78;1118;1
78;1179;111
78;1180;111
78;1181;2222
78;1227;1010
78;1234;101
79;65;100
79;75;1000
79;123;1121
79;132;1
79;135;101
79;146;2
79;148;1
79;179;1000
79;184;1000
79;255;100
79;315;10
79;320;2220
79;330;101
79;333;1
79;359;1011
79;370;1000
79;373;1210
79;384;2210
79;427;100
79;438;1121
79;452;100
79;648;1211
79;650;2221
79;663;100
79;826;1001
79;829;1
79;838;100
79;882;1
79;912;100
79;923;1210
79;944;1001
79;945;2210
79;1000;1
79;1010;1000
79;1023;1
79;1065;100
79;1082;2120
79;1089;1
79;1091;101
79;1112;2222
79;1179;1100
79;1181;2222
79;1234;1100
80;61;1000
80;135;100
80;152;100
80;159;1100
80;238;1010
80;330;1
80;333;101
80;427;100
80;438;100
80;451;1000
80;452;100
80;453;100
80;458;2122
80;459;100
80;460;2222
80;612;1000
80;663;100
80;696;2220
80;722;1
80;753;1212
80;800;1111
80;884;1000
80;912;1
80;945;1101
80;1010;1000
80;1042;1101
80;1065;100
80;1071;101
80;1078;2122
80;1091;100
80;1179;100
80;1180;100
80;1227;2222
80;1234;1101
81;31;10
81;90;1011
81;93;10
81;132;1
81;135;1
81;195;1
81;253;10
81;321;2222
81;326;1011
81;359;1
81;370;1111
81;438;1121
81;542;2120
81;546;2212
81;550;1
81;551;1
81;586;1
81;592;10
81;729;1
81;731;1
81;734;2222
81;941;1001
81;944;1
81;990;2
81;1092;2220
81;1134;1
81;1232;1
81;1234;1
82;25;2222
82;31;2
82;90;2222
82;93;2222
82;132;1
82;135;2122
82;148;1
82;152;2
82;159;1002
82;189;1
82;195;1
82;197;1
82;238;1
82;253;2112
82;297;1
82;321;2222
82;326;2222
82;327;1012
82;330;1
82;331;1
82;333;1
82;359;2112
82;370;1112
82;427;1
82;438;2222
82;458;1010
82;542;2120
82;543;12
82;546;2122
82;550;1
82;551;1
82;586;1
82;592;10
82;722;1
82;724;1
82;729;1
82;731;1
82;734;2122
82;826;1000
82;837;1
82;845;1
82;879;1
82;882;1
82;889;1
82;904;1
82;912;1
82;937;1
82;941;11
82;944;101
82;952;1
82;963;2221
82;990;1
82;1000;1
82;1003;2220
82;1040;1
82;1078;1000
82;1092;1
82;1150;1
82;1188;1
82;1227;1
82;1232;1
82;1234;1102
83;18;2121
83;166;2221
83;187;1
83;238;100
83;366;100
83;370;1011
83;394;100
83;427;100
83;430;1
83;432;1212
83;447;1100
83;463;1
83;501;1
83;505;101
83;517;1
83;550;1
83;590;11
83;609;1000
83;668;1
83;767;2
83;905;1
83;912;1
83;988;100
83;989;100
83;1074;100
83;1077;101
83;1091;100
83;1102;1120
83;1143;1220
83;1170;100
83;1171;100
83;1203;1212
84;8;102
84;160;2221
84;333;100
84;346;1000
84;384;1000
84;555;1000
84;590;10
84;778;10
84;837;1
84;912;1
84;922;1001
84;952;100
84;986;1100
84;1086;1
84;1112;1001
84;1179;1
85;29;1212
85;58;112
85;88;1000
85;98;1
85;179;2
85;200;1002
85;202;1121
85;250;100
85;370;1001
85;427;2
85;432;1000
85;438;1
85;469;1
85;475;2120
85;589;1000
85;590;1
85;724;1
85;732;1
85;733;1
85;888;1
85;912;1
85;941;1
85;969;1
85;982;2120
85;983;100
85;1018;2222
85;1019;100
85;1022;1
85;1036;1
85;1065;1
85;1118;2222
86;8;2221
86;61;2
86;85;100
86;110;1211
86;135;101
86;148;1212
86;152;1002
86;160;112
86;200;1
86;238;110
86;271;2212
86;330;11
86;346;2111
86;370;1011
86;384;1000
86;427;1
86;505;101
86;554;2222
86;555;1
86;577;1000
86;586;1
86;590;2211
86;722;1011
86;731;1
86;763;101
86;769;1110
86;922;1
86;944;101
86;945;101
86;952;1
86;983;2110
86;990;2
86;1000;101
86;1015;1
86;1033;1
86;1071;1
86;1077;100
86;1086;1
86;1090;1
86;1091;11
86;1112;1
86;1118;1
86;1173;1100
86;1181;1
86;1227;1
86;1232;1
86;1234;1
87;187;2222
87;223;1001
87;228;2222
87;229;2222
87;333;101
87;369;2222
87;370;1111
87;382;100
87;394;1
87;401;1100
87;432;2122
87;438;1102
87;485;1
87;513;101
87;550;101
87;590;1012
87;631;1001
87;632;1
87;668;1
87;722;1
87;812;101
87;819;1001
87;833;1
87;860;1210
87;945;100
87;990;1
87;1005;2222
87;1007;100
87;1015;2221
87;1025;100
87;1032;100
87;1060;2120
87;1071;101
87;1134;101
87;1163;1
87;1169;1
87;1180;1
87;1234;1
88;370;1011
88;443;2
88;457;2222
88;590;1012
88;614;2220
88;668;1
88;678;110
88;679;110
88;702;100
88;945;100
88;990;1
88;1091;1211
88;1134;1
88;1144;100
89;79;1210
89;152;2
89;176;2221
89;177;110
89;179;1
89;260;2212
89;265;2
89;370;1000
89;469;2222
89;479;1000
89;590;10
89;706;1100
89;778;100
89;905;1210
89;912;1101
89;1065;100
89;1086;1
90;7;1222
90;160;1
90;161;1
90;176;1222
90;177;2212
90;200;1122
90;260;1012
90;265;2212
90;370;1000
90;451;2122
90;479;1120
90;505;1
90;589;1
90;590;2222
90;763;1
90;778;110
90;874;1
90;884;2222
90;912;1212
90;987;100
90;1065;100
90;1071;1
90;1086;1211
90;1089;1
90;1090;1210
90;1091;112
90;1234;1
90;1238;10
91;1;1
91;3;2
91;4;2
91;8;1
91;9;1
91;11;101
91;13;1
91;15;102
91;17;101
91;21;100
91;29;1211
91;30;100
91;32;1
91;33;1
91;40;2
91;41;1
91;45;1
91;46;101
91;50;1
91;56;1
91;57;2212
91;58;1212
91;59;1211
91;60;1
91;69;2111
91;78;1
91;88;2221
91;92;1
91;94;1
91;95;2222
91;97;2222
91;98;2211
91;100;2
91;103;1012
91;105;1012
91;109;1012
91;115;1002
91;116;1012
91;118;2
91;119;1012
91;121;1
91;122;1
91;124;1
91;128;1
91;134;1
91;135;1
91;139;1211
91;147;1
91;163;1
91;166;1
91;170;1
91;173;1
91;174;1211
91;181;1
91;182;2222
91;183;2220
91;186;2220
91;189;10
91;199;102
91;202;1120
91;204;1210
91;211;100
91;226;1
91;237;1
91;240;2220
91;241;12
91;242;1
91;243;1
91;244;1
91;248;1
91;250;2122
91;256;1
91;259;1
91;261;1
91;263;1
91;264;1
91;265;1
91;266;2212
91;267;2222
91;268;100
91;272;1
91;274;100
91;275;1
91;276;1
91;278;1
91;279;1
91;281;1
91;283;1
91;286;1
91;287;1
91;294;2122
91;297;1001
91;300;100
91;301;10
91;314;2210
91;317;1220
91;322;2221
91;331;1
91;333;1
91;339;1111
91;348;2
91;351;110
91;352;110
91;353;2122
91;354;11
91;355;10
91;359;1011
91;361;110
91;362;2122
91;364;2220
91;370;2212
91;376;2221
91;381;2221
91;385;1221
91;392;1
91;395;2121
91;396;2211
91;398;11
91;405;1
91;412;2
91;413;2222
91;416;100
91;422;2221
91;423;1100
91;426;1
91;428;100
91;431;1
91;434;1002
91;443;1001
91;454;100
91;455;100
91;466;1210
91;468;2222
91;473;1
91;474;2120
91;475;2221
91;478;1120
91;485;100
91;486;12
91;489;100
91;508;101
91;512;11
91;538;1
91;545;110
91;549;100
91;550;1212
91;551;1
91;552;2112
91;553;1
91;559;101
91;562;1
91;579;2110
91;582;1
91;586;1
91;594;1211
91;598;2121
91;601;101
91;603;2012
91;611;1210
91;615;2121
91;626;1
91;641;1111
91;642;100
91;643;1
91;648;1
91;659;100
91;667;1
91;673;100
91;682;2210
91;683;2210
91;684;1220
91;688;100
91;690;101
91;694;100
91;695;1210
91;700;2222
91;704;1
91;714;110
91;719;1
91;720;102
91;722;2222
91;724;101
91;725;1
91;727;1
91;728;2222
91;729;1
91;731;2
91;732;2222
91;733;2122
91;735;1
91;751;2
91;752;1111
91;756;2222
91;759;2122
91;762;1
91;763;2112
91;764;1102
91;767;1
91;768;10
91;770;2222
91;771;1
91;772;102
91;773;1
91;779;1
91;781;2122
91;782;1
91;784;1102
91;787;2122
91;788;1
91;791;1001
91;794;1000
91;796;1220
91;797;2112
91;798;1100
91;799;1110
91;801;2122
91;803;2220
91;808;2122
91;809;1
91;822;2122
91;833;2112
91;834;100
91;835;100
91;836;1010
91;838;1
91;844;2
91;854;1
91;859;2122
91;866;1
91;867;1
91;868;1
91;870;2221
91;872;102
91;875;1
91;880;1
91;882;1
91;883;100
91;888;1002
91;893;2122
91;894;1
91;896;1
91;897;1000
91;900;1120
91;906;1
91;913;1
91;914;1000
91;935;11
91;941;1001
91;944;1
91;947;1
91;965;2122
91;974;2221
91;982;1001
91;985;1122
91;990;1002
91;992;1
91;993;1
91;997;2222
91;998;2212
91;1000;2122
91;1018;2122
91;1019;2
91;1023;1
91;1033;1
91;1040;1
91;1041;1
91;1043;2
91;1047;2
91;1051;1
91;1054;2
91;1056;2
91;1057;2
91;1058;2
91;1063;1
91;1080;2
91;1085;1
91;1091;1
91;1093;2
91;1095;2222
91;1097;2220
91;1098;1221
91;1103;1000
91;1106;100
91;1107;100
91;1108;100
91;1115;1
91;1116;1
91;1118;2212
91;1119;2
91;1125;1210
91;1134;100
91;1177;2122
91;1184;2221
91;1186;1
91;1189;2222
91;1191;101
91;1192;1
91;1216;2222
91;1217;2222
91;1219;2222
91;1226;2222
91;1232;1
91;1234;1001
91;1235;102
92;17;1
92;43;1
92;111;1
92;130;1000
92;135;1102
92;136;1
92;148;2
92;181;1
92;185;1000
92;189;1
92;193;1000
92;200;1
92;213;2111
92;226;12
92;238;1012
92;258;2222
92;333;1002
92;342;100
92;354;2110
92;370;1102
92;377;1010
92;392;1
92;429;1
92;434;100
92;446;1
92;465;11
92;472;2222
92;473;2221
92;479;100
92;489;1121
92;492;1
92;503;1
92;510;1
92;514;1010
92;550;1100
92;559;11
92;586;2
92;596;1
92;599;2111
92;607;1
92;611;2110
92;643;1
92;653;1
92;661;2222
92;671;1000
92;687;1000
92;692;10
92;705;2210
92;722;2222
92;724;1111
92;729;1
92;731;2
92;735;1
92;763;1001
92;764;1001
92;767;1
92;778;1011
92;783;2122
92;788;100
92;804;1
92;806;1
92;822;100
92;824;1
92;826;10
92;837;1
92;838;1
92;839;1
92;842;2111
92;845;2
92;856;1
92;858;11
92;859;1
92;879;1122
92;883;1
92;888;1
92;889;1
92;908;100
92;910;1100
92;914;1210
92;915;100
92;926;100
92;930;101
92;934;1110
92;940;1
92;941;1001
92;944;1
92;946;1
92;952;2222
92;990;1002
92;1000;2122
92;1014;1
92;1023;2
92;1031;100
92;1033;1111
92;1040;1
92;1066;1
92;1071;1
92;1093;2
92;1147;2222
92;1151;1
92;1186;1
92;1188;1
92;1192;1100
92;1195;2122
92;1226;1
92;1227;1
92;1232;1121
92;1234;2122
92;93;18
92;113;2212
92;145;2222
92;180;2122
92;272;2222
92;422;1
92;467;1010
92;489;11
92;550;1
92;586;1002
92;722;1
92;724;1
92;873;1
92;999;2
92;1000;2
92;1020;2
92;1023;1
92;1033;2
92;1233;1
94;78;11
94;114;2
94;122;1
94;123;1
94;137;1
94;192;1
94;209;11
94;270;2
94;277;2
94;282;1
94;309;2122
94;311;2122
94;322;1
94;359;1
94;370;1010
94;400;1
94;435;1
94;436;1
94;440;2222
94;442;1
94;494;2222
94;498;1212
94;504;1
94;505;1
94;533;1
94;536;2222
94;571;2
94;742;2222
94;745;2222
94;789;1010
94;955;2122
94;1016;2
94;1091;2
94;1092;2
94;1121;1122
94;1143;2122
94;1156;1121
94;1158;1
94;1197;2122
94;1199;2122
94;1200;1
94;1204;2222
94;1223;1121
95;12;1
95;30;2112
95;43;100
95;192;2
95;257;1000
95;322;100
95;603;2120
95;606;2120
95;1097;1
96;9;1
96;40;1001
96;43;100
96;75;2212
96;454;2222
96;455;2222
96;520;1001
96;526;11
96;527;1
96;673;2222
96;883;10
96;1087;1
97;52;100
97;68;1000
97;135;1
97;140;101
97;190;1
97;392;1
97;416;1001
97;538;1
97;539;2222
97;751;2210
97;757;2222
98;145;2221
98;180;2120
98;270;1
98;272;2210
98;362;2
98;467;10
98;595;10
98;667;2
98;728;2222
98;782;2122
98;787;1011
98;985;2110
98;1018;100
98;1019;1000
98;1118;101
99;268;2222
99;324;2222
99;449;2122
99;992;1220
99;1191;1001
100;59;101
100;183;2222
100;370;1211
100;579;2222
100;803;1100
100;833;110
100;1000;1212
100;1017;2212
100;1033;1
100;1097;1100
100;1232;101
